-- phpMyAdmin SQL Dump
-- version 5.2.1
-- https://www.phpmyadmin.net/
--
-- Host: 127.0.0.1
-- Generation Time: Mar 12, 2025 at 04:26 PM
-- Server version: 10.4.32-MariaDB
-- PHP Version: 8.2.12

SET SQL_MODE = "NO_AUTO_VALUE_ON_ZERO";
START TRANSACTION;
SET time_zone = "+00:00";


/*!40101 SET @OLD_CHARACTER_SET_CLIENT=@@CHARACTER_SET_CLIENT */;
/*!40101 SET @OLD_CHARACTER_SET_RESULTS=@@CHARACTER_SET_RESULTS */;
/*!40101 SET @OLD_COLLATION_CONNECTION=@@COLLATION_CONNECTION */;
/*!40101 SET NAMES utf8mb4 */;

--
-- Database: `game_guide`
--

-- --------------------------------------------------------

--
-- Table structure for table `comment`
--

CREATE TABLE `comment` (
  `comment_id` int(11) NOT NULL,
  `user_id` int(11) DEFAULT NULL,
  `game_id` int(11) DEFAULT NULL,
  `comment_text` text NOT NULL,
  `time_stamp` timestamp NOT NULL DEFAULT current_timestamp()
) ENGINE=InnoDB DEFAULT CHARSET=utf8mb4 COLLATE=utf8mb4_general_ci;

--
-- Dumping data for table `comment`
--

INSERT INTO `comment` (`comment_id`, `user_id`, `game_id`, `comment_text`, `time_stamp`) VALUES
(1, NULL, 9, 'sogood', '2025-03-12 12:11:57'),
(2, 1, 9, 'd mak', '2025-03-12 12:31:34'),
(3, 1, 9, 'Is ok', '2025-03-12 12:36:50'),
(4, 1, 9, 'เกมกระจอกๆ ให้หมาเล่นซะ', '2025-03-12 12:37:16'),
(6, 1, 9, 'dddhuilda', '2025-03-12 12:46:41'),
(7, 1, 2, '6666', '2025-03-12 15:04:25'),
(8, 1, 2, 'd', '2025-03-12 15:15:44'),
(9, 1, 2, 'kuy game nha hee', '2025-03-12 15:16:46');

-- --------------------------------------------------------

--
-- Table structure for table `favorite_game`
--

CREATE TABLE `favorite_game` (
  `user_id` int(11) NOT NULL,
  `game_id` int(11) NOT NULL
) ENGINE=InnoDB DEFAULT CHARSET=utf8mb4 COLLATE=utf8mb4_general_ci;

--
-- Dumping data for table `favorite_game`
--

INSERT INTO `favorite_game` (`user_id`, `game_id`) VALUES
(1, 2),
(1, 9),
(1, 10),
(1, 12),
(1, 16),
(6, 9);

-- --------------------------------------------------------

--
-- Table structure for table `game`
--

CREATE TABLE `game` (
  `game_id` int(11) NOT NULL,
  `game_name` varchar(255) NOT NULL,
  `game_description_font` text DEFAULT NULL,
  `game_description_details_1` text DEFAULT NULL,
  `game_description_details_2` text DEFAULT NULL,
  `game_profile_pic` varchar(255) DEFAULT NULL,
  `game_pic_details_1` varchar(255) DEFAULT NULL,
  `game_pic_details_2` varchar(255) DEFAULT NULL,
  `platform` enum('PC','Mobile','Console') NOT NULL DEFAULT 'PC'
) ENGINE=InnoDB DEFAULT CHARSET=utf8mb4 COLLATE=utf8mb4_general_ci;

--
-- Dumping data for table `game`
--

INSERT INTO `game` (`game_id`, `game_name`, `game_description_font`, `game_description_details_1`, `game_description_details_2`, `game_profile_pic`, `game_pic_details_1`, `game_pic_details_2`, `platform`) VALUES
(2, 'FINAL FANTASY VII REBIRTH', 'FINAL FANTASY VII REMAKE ยังคงยึดมั่นกับเหตุการณ์ของเกมต้นฉบับ แต่ก็ได้แยกตัวออกจากเรื่องราวที่เกิดขึ้นในช่วงหัวเลี้ยวหัวต่อที่สำคัญ\n                  การเปลี่ยนแปลงเหล่านี้ยังได้รับการยอมรับในการดำเนินเรื่องด้วยการแนะนำ Whisper ผู้ชี้ชะตาลึกลับที่ปรากฏตัวขึ้นเมื่อวิถีแห่งโชคชะตาเปลี่ยนไป', 'FINAL FANTASY VII REBIRTH คือภาคล่าสุดของโปรเจกต์นี้ ซึ่งอาจจะแนะนำว่าคุณจำเป็นต้องเล่น FINAL FANTASY VII REMAKE ก่อน อย่างไรก็ตาม FINAL FANTASY VII REBIRTH ถูกออกแบบมาให้เป็นประสบการณ์แบบสแตนด์อโลน ที่คุณสามารถเข้าสู่ซีรีส์เกม FINAL FANTASY VII ที่เป็นเอกลักษณ์เป็นเกมแรกได้', 'คุณสามารถสำรวจโลกด้วยการเดินเท้า แต่จะง่ายกว่าถ้าเดินทางด้วยรถบักกี้และ รถล้อเลื่อน ที่ต้องทรงตัวเอง หรือขี่ Chocobo ที่เป็นเอกลักษณ์ของ FINAL FANTASY การจับสัตว์ประหลาดขนนกเหล่านี้จะช่วยให้คุณสำรวจโลกได้หลากหลายวิธี ด้วยความสามารถในการปีนหน้าผาและแม้แต่เหินไปบนท้องฟ้า โดยขึ้นอยู่กับสภาพแวดล้อมนที่อันเป็นที่รักจากเกมต้นฉบับปี 1997 กลับมาใน FINAL FANTASY VII REBIRTH รวมถึง Forgotten Capital, Shinra Manor, Mythril Mine และ The Gold Saucer สวนสนุกขนาดยักษ์ที่เต็มไปด้วยมินิเกมให้เล่น', 'final1.png', 'final1.png', 'final2.jpg', 'PC'),
(4, 'TCG Card Shop Simulator', 'TCG Card Shop Simulator คือการจำลองร้านค้าการ์ดที่คุณขายการ์ดบูสเตอร์แพ็คเพื่อหารายได้และสร้างธุรกิจร้านขายการ์ดของคุณ', 'จัดการร้านค้าของคุณ:ออกแบบร้าน TCG ของคุณเอง จัดระเบียบชั้นวางและชุดการ์ดเพื่อให้ประสบการณ์การช็อปปิ้งของลูกค้าราบรื่นและง่ายดาย', 'ขยายธุรกิจของคุณ:รับผลกำไรเพื่อลงทุนในร้านค้าของคุณอีกครั้ง ขยายพื้นที่ของคุณ ปลดล็อกชุดการ์ดใหม่ และอัปเกรดสิ่งอำนวยความสะดวกของคุณเพื่อดึงดูดลูกค้าให้มากขึ้นและเพิ่มรายได้', 'tcg1.jpg', 'tcg1.jpg', 'tcg2.jpg', 'PC'),
(5, 'Ghost of Tsushima', 'Ghost of Tsushima™ เป็นเกมแอ็กชันโอเพ่นเวิลด์ที่มีฉากหลังเป็นญี่ปุ่นยุคศักดินา ตัวเอกคือจิน ซาไค ซามูไรผู้ยอมเดิมพันทุกอย่างเพื่อปกป้องเกาะสึชิมะจากการรุกรานของมองโกล\n                พบกับศึกการดวลดาบและการต่อสู้ระยะไกลแบบบุคคลที่สามที่จะมีให้คุณได้สัมผัสอย่างต่อเนื่อง การโจมตีที่ประสบความสำเร็จจะตัดอวัยวะและศีรษะของศัตรู และมักเต็มไปด้วยเอฟเฟกต์\n                เลือดสาดเป็นวงกว้าง ผู้เล่นยังสามารถใช้การลอบเร้นเพื่อลอบสังหารศัตรูได้อีกด้วย ฉากคัตซีนและฉากอื่น ๆ จะแสดงให้เห็นถึงความรุนแรงอย่างมาก เช่น ฉากที่ชาวบ้านถูกเผาทั้งเป็น\n                ฉากที่แสดงให้เห็นคนถูกตัดศีรษะ และมีการยกศีรษะที่ถูกตัดออกให้กล้องเห็น เลือดสีแดงจะปรากฏในสภาพแวดล้อม เครื่องแต่งกาย และกระจายออกจากตัวศัตรูเมื่อทำการโจมตีสำเร็จ', 'สัมผัสการเดินทางของจิน ซาไคเป็นครั้งแรกบน PC และค้นพบประสบการณ์ Ghost of Tsushima ฉบับสมบูรณ์ในเวอร์ชันไดเร็กเตอร์คัทนี้ในช่วงปลายศตวรรษที่ 13 อาณาจักรมองโกลบดขยี้นานาประเทศที่เดินทัพผ่านจนราบคาบ ด้วยมุ่งหมายที่จะเป็นผู้พิชิตแห่งซีกโลกตะวันออก เกาะสึชิมะเป็นปราการสุดท้ายที่อยู่ระหว่างเกาะหลักของญี่ปุ่นและการรุกรานของทัพเรือมองโกลที่นำโดยโคตุนข่าน จอมทัพผู้โหดเหี้ยมและเฉียบแหลม', 'แม้ทั้งเกาะจะไม่อาจต้านทานแสนยานุภาพของทัพมองโกลและถูกเผาทำลายในการโจมตีเพียงระลอกเดียว แต่ซามูไรนักรบผู้กล้าหาญ จิน ซาไค ก็ยังคงยืนหยัดอย่างเด็ดเดี่ยว ในฐานะผู้รอดชีวิตคนสุดท้ายของตระกูล เขาได้ตัดสินใจว่าจะทำทุกวิถีทางเพื่อปกป้องผู้คนและกอบกู้บ้านเกิดเมืองนอนของเขา ไม่ว่าจะยากลำบากเพียงใดก็ตาม เขาต้องละทิ้งธรรมเนียมที่หล่อเลี้ยงให้เขาเติบโตเป็นนักรบ และออกเดินทางบนเส้นทางใหม่อันเป็นเส้นทางแห่งนักรบปีศาจ และเปิดศึกที่ไร้กฎเกณฑ์ใด ๆ เพื่อปลดปล่อยสึชิมะสู่อิสรภาพ', 'ghost1.png', 'ghost1.png', 'ghost2.jpg', 'PC'),
(6, 'DRAGON BALL: Sparking! ZERO', 'DRAGON BALL: Sparking! ZERO สืบทอดระบบต่อสู้ดั้งเดิมของซีรีส์ Budokai Tenkaichi พร้อมพัฒนาการสู่ระดับใหม่อย่างไม่เคยมีมาก่อน\n                เรียนรู้และฝึกฝนการใช้ตัวละครอันยอดเยี่ยมที่มีให้เลือกเล่นมากมาย พร้อมด้วยพลังเฉพาะตัวของตัวละคร การแปลงร่าง และทักษะต่างๆ', 'รับบทเป็นนักรบและต่อสู้ระดับทะลุสวรรค์สะท้านโลกันต์แบบฉบับ Dragon Ball ที่แท้จริง!จำนวนตัวละครที่มากที่สุดในประวัติศาสตร์ของซีรีส์ปล่อยพลังทะลุขีดจำกัดของเหล่านักรบกว่า 180 ชีวิตจาก Dragon Ball Z， Dragon Ball Super, Dragon Ball GT, และมูฟวี่ Dragon Ball อีกมากมายซึ่งจะตบเท้ากันมาอย่างพร้อมเพรียงในเกมภาคหลัก! โดยทุกตัวละครจะมีท่าต่อสู้ประจำตัวที่รู้จักกันดี รวมถึงความสามารถ การเปลี่ยนร่าง และเทคนิคที่แฟนๆ คุ้นเคยเป็นอย่างดีให้คุณเป็นเจ้าของพลังทำลายล้างของนักรบผู้แกร่งที่สุดที่เคยปรากฏตัวใน Dragon Ball!แอ็กชันต่อสู้ 3D สุดตระการตา', 'เข้าร่วมการต่อสู้ 3D ความเร็วสูงสุดระทึกใจที่เป็นไปตามเนื้อเรื่องอนิเมะและซีรีส์วิดีโอเกม ด้วยภาพอันน่าทึ่งและการเคลื่อนไหวในการต่อสู้แบบ Dragon Ball ของแท้ เช่น การปะทะลำแสง การจู่โจม การเคลื่อนไหวที่เร็วจนมองตามไม่ทัน และการโจมตีขั้นอัลติเมทสะท้านโลกันต์', 'Db1.jpg', 'Db1.jpg', 'Db2.jpg', 'PC'),
(7, 'Streamer Life Simulator 2', 'Streamer Life Simulator เป็นเกมที่คุณเริ่มต้นจากศูนย์และพยายามเป็นสตรีมเมอร์อินเทอร์เน็ตยอดนิยม หากต้องการเป็นสตรีมเมอร์ที่ดีขึ้น คุณต้องอัปเกรดอุปกรณ์ของคุณ\n                (เช่น กล้อง โปรเซสเซอร์ หรือการ์ดวิดีโอ) และการเชื่อมต่ออินเทอร์เน็ต คุณต้องพัฒนาทักษะของคุณและตัดสินใจได้อย่างถูกต้องระหว่างการสตรีมเพื่อมอบเนื้อหาที่ดีขึ้นแก่ผู้ชม\n                ที่ดูสตรีมของคุณ คุณสามารถแสดงความบริสุทธิ์หรือวิพากษ์วิจารณ์ผู้ชมอย่างรุนแรงได้ ขึ้นอยู่กับคุณแล้วว่าจะตัดสินใจได้อย่างถูกต้องตามสถานการณ์ การตัดสินใจของคุณระหว่าง\n                การสตรีมจะส่งผลต่อจำนวนผู้ชมและมีบทบาทสำคัญในการพัฒนาของคุณ', 'นับตั้งแต่ ‘Star Savior’ ได้เปิดเผยชื่ออย่างเป็นทางการสู่สาธารณชนครั้งแรกในวันที่ 29 พ.ย. ที่ผ่านมา Studio Byside ก็ได้รับการตอบรับที่ดีจากผู้เล่นด้วยการปล่อยภาพ Key Visual และระบบฝึกฝนที่มาพร้อมกับตัวละครและฉากหลังของเกมที่น่าดึงดูดใจ', 'ผู้เกี่ยวข้องของ Studio Byside กล่าวว่า “ขณะนี้ Star Savior กำลังอยู่ในขั้นตอนสุดท้ายของการพัฒนาและมีเป้าหมายที่จะเปิดให้เล่นภายในปีนี้” และยังกล่าวเสริมว่า “เราจะอัปเดตข้อมูลใหม่เกี่ยวกับเกมผ่านช่องทาง SNS อย่างเป็นทางการของเราอย่างต่อเนื่อง ยังไงก็ช่วยติดตามกันด้วยนะครับ', 'Sls1.png', 'Sls1.png', 'Sls2.jpg', 'PC'),
(8, 'Marvel\'s Spider-Man 2', 'สวมหน้ากากออกไปรับบทฮีโร่โหนใยที่ตื่นเต้นเร้าใจกว่าเดิมใน Marvel’s Spider-Man 2 ในรูปแบบ PC\n                พัฒนาโดย Insomniac Games ร่วมกับ Marvel และปรับปรุงลง PC โดย Nixxes Softwareเมืองถูกบุกยึด!\n                คู่หูสไปเดอร์แมนทั้งปีเตอร์ ปาร์กเกอร์ และไมลส์ โมราเลสต้องเผชิญกับบททดสอบความแข็งแกร่งสุดโหดทั้งภาย\n                ใต้หน้ากากและในชีวิตจริงขณะต่อสู้เพื่อปกป้องเมือง ปกป้องซึ่งกันและกัน ตลอดจนปกป้องคนที่พวกเขารักจากวีน่อมผู้ชั่วร้ายและภัยครั้งใหม่จากซิมไบโอตสุดอันตราย', 'กราฟิกที่ปรับแต่งสำหรับ PC กอบกู้โลกอย่างมีสไตล์ด้วยตัวเลือกคุณภาพกราฟิกที่คุณเลือกเอง และปลดล็อกเฟรมเรตเพื่อโชว์ลูกเล่นของซูเปอร์ฮีโร่ได้ไหลลื่นขึ้น เพลิดเพลินกับเทคโนโลยีเพิ่มประสิทธิภาพต่าง ๆ รวมถึงการอัปสเกลและการสร้างเฟรมของ NVIDIA DLSS 3 และ AMD FSR 3.1¹ทั้งยังรองรับเทคโนโลยีอัปสเกลของ Intel XeSS ด้วยเช่นกัน¹ Ray Tracing ที่ปรับปรุงให้ดียิ่งขึ้น¹ภาพสะท้อนแบบ Ray Tracing เงาแบบ Ray Tracing และการจำลองแสงเงาวัตถุแบบ Ray Tracing ช่วยให้เมืองนิวยอร์กของ Marvel มีชีวิตชีวาขึ้นรอบ ๆ ตัวคุณ เลือกโหมดคุณภาพที่คัดสรรมาแล้ว และตื่นตาตื่นใจกับวิวอันน่าทึ่งจากมุมสูง ผู้ที่ใช้ NVIDIA GeForce RTX GPU สามารถใช้งานฟังก์ชัน DLSS Ray Reconstruction ได้ เทคนิคนี้ใช้เครือข่าย AI ที่ฝึกจากซูเปอร์คอมพิวเตอร์ของ NVIDIA ที่สร้างพิกเซลคุณภาพสูงขึ้นระหว่างลำแสงตัวอย่าง ช่วยให้ได้ภาพแบบ Ray Tracing ที่คมชัดและสมจริงยิ่งขึ้น', 'เดินทางสำรวจนิวยอร์กของ Marvel ที่กว้างขึ้นสำรวจเมืองนิวยอร์กในแบบฉบับ Marvel ที่กว้างขวางกว่าเดิม โดยมีสองเขตใหม่ คือ บรุกลินและควีนส์ ตลอดจนสถานที่ต่าง ๆ เช่น โคนีย์ไอส์แลนด์ และที่อื่น ๆ อีกมากมายโหนใย กระโดด และใช้เว็บวิงส์ที่ได้มาใหม่เดินทางไปทั่วเมือง สลับตัวระหว่างปีเตอร์ ปาร์กเกอร์ กับไมลส์ โมราเลส ขณะสำรวจโลกโอเพนเวิลด์ได้ทันที เพื่อสัมผัสเนื้อเรื่องที่แตกต่างและสุดยอดพลังใหม่ ๆเล่นเป็นสไปเดอร์แมนได้ทั้งสองตัวละครใช้พลังซิมไบโอตที่ได้มาใหม่ของปีเตอร์และพลังวีน่อมชีวไฟฟ้าที่รุนแรงของไมลส์ ค้นพบอุปกรณ์ไฮเทคที่อัปเกรดได้มาช่วยเสริมประสบการณ์ในการต่อสู้ เพื่อสัมผัสเกมเพลย์ที่ล้ำลึกและหลากหลายเป็นพิเศษ', 'Sm1.jpg', 'Sm1.jpg', 'Sm2.jpg', 'PC'),
(9, '4GROUND9', '\'4GROUND9\' เป็นผลงานเกม RPG แนวสะสมตัวใหมจากผู้พัฒนาหลักของเกมดัง\n                อย่าง \'Exos Heroes\' เกมได้บอกเล่าเหตุการณ์ต่างๆ\n                ที่เกิดขึ้นใน \'Beerhaven\' เมืองในโลกอนาคตและนำเสนอโลกที่เปิดกว้าง พร้อมทั้งตัวละคร\n                ที่มีเอกลักษณ์เฉพาะและการต่อสู้ที่ไม่เหมือนใคร', 'LINE Games (ซีอีโอร่วม พัค ซอง-มิน และ โช ดง-ฮยอน) เปิดเผยในวันนี้ว่า Nerdystar (ซีอีโอ ฮอ ซอง-อุก) บริษัทพัฒนาเกมที่ตนลงทุน ได้ลงนามในสัญญากับ Garena บริษัทเกมชื่อดังเพื่อให้เป็นผู้ให้บริการทั่วโลกของเกม ‘4GROUND9’', '4GROUND9 เป็นผลงานเกม RPG แนวสะสมตัวใหมจากผู้พัฒนาหลักของเกมดัง อย่าง \"Exos Heroes\" เกมได้บอกเล่าเหตุการณ์ต่างๆ ที่เกิดขึ้นใน \"Beerhaven\" เมืองในโลกอนาคตและนำเสนอโลกที่เปิดกว้าง พร้อมทั้งตัวละคร ที่มีเอกลักษณ์เฉพาะและการต่อสู้ที่ไม่เหมือนใคร', '4GROUND9.jpg', '4GROUND9.jpg', '4GROUND9-2.webp', 'Mobile'),
(10, 'Crazy Ones', 'Crazy Ones เกมมือถือแนว Dating Sim สไตล์อนิเมะสุดน่ารัก พาคุณเข้าสู่โลกของความรักสุดโรแมนติก\n                กับเหล่าสาวสวยสุดคิ้วท์ 4 คน ที่พร้อมจะมาขโมยหัวใจคุณ ผสมผสานความสนุกของ Visual Novel เข้ากับเกม\n                Dating Sim แบบ Interactive ได้อย่างลงตัว ทำให้คุณรู้สึกเหมือนได้เป็นพระเอกในอนิเมะเรื่องโปรด', 'Crazy Ones เกมมือถือแนว Dating Sim สไตล์อนิเมะสุดน่ารักจาก Noctua Games เปิดให้ลงทะเบียนล่วงหน้าบนสโตร์ไทยแล้วทั้ง iOS และ Android เกมนี้จะพาคุณเข้าสู่โลกของความรักสุดโรแมนติก กับเหล่าสาวสวยสุดคิ้วท์ 4 คน ที่พร้อมจะมาขโมยหัวใจคุณ!', 'Crazy Ones ไม่ใช่แค่เกม Dating Sim ธรรมดา แต่เป็นเกมที่ผสมผสานความสนุกของ Visual Novel เข้ากับเกม Dating Sim แบบ Interactive ได้อย่างลงตัว ทำให้คุณรู้สึกเหมือนได้เป็นพระเอกในอนิเมะเรื่องโปรดเลยล่ะ!', 'CrazyOnes.jpg', 'CrazyOnes.jpg', 'CrazyOnes-1.jpg', 'Mobile'),
(11, 'Ragnarok M : Classic', 'Ragnarok M: Classic เกมมือถือ MMORPG สุดคลาสสิก ที่แฟนๆ Ragnarok ต่างรอคอย\n                เตรียมตัวกลับไปสัมผัสประสบการณ์การผจญภัยในโลก Ragnarok อีกครั้ง พร้อมกับระบบเกมเพลย์\n                ที่ให้ความสำคัญกับการเล่นแบบ Fair Play อย่างแท้จริง', 'Ragnarok M: Classic เกมมือถือ MMORPG สุดคลาสสิก ที่แฟนๆ Ragnarok ต่างรอคอย เตรียมตัวกลับไปสัมผัสประสบการณ์การผจญภัยในโลก Ragnarok อีกครั้ง พร้อมกับระบบเกมเพลย์ที่ให้ความสำคัญกับการเล่นแบบ Fair Play อย่างแท้จริง', 'หลังจากการทดสอบ CBT ได้รับกระแสตอบรับอย่างล้นหลาม ล่าสุด Gravity Interactive, Inc. ก็ออกมาประกาศข่าวดีให้แฟน ๆ Ragnarok ได้ทราบโดยทั่วกันว่า Ragnarok M: Classic เกมมือถือ MMORPG จาก IP ชื่อดังอย่าง Ragnarok Online มีแผนจะเปิด OBT อย่างเป็นอย่างทางการในวันแห่งความรัก 14 กุมภาพันธ์นี้ ทั้งในระบบ iOS และ Android ผ่าน Apple App Store และ Google Play Store โดยตัวเกมจะรองรับภาษาไทยให้เราได้ใช้งานกันด้วย', 'RagnarokM.jpg', 'RagnarokM.jpg', 'RagnarokM-1.jpg', 'Mobile'),
(12, 'MONGIL: STAR DIVE', 'MONGIL: STAR DIVE สร้างสรรค์ด้วย Unreal Engine 5 พาผู้เล่นผจญภัยไปกับ Verna\n                และ Cloud สองตัวละครหลัก พร้อมด้วย Yaongi เพื่อนคู่ใจที่ใช้ความสามารถพิเศษในการจับ\n                และฝึกสัตว์ประหลาด สร้างทีมต่อสู้ 3 ตัว และเข้าร่วมการต่อสู้แบบแท็กทีมเชิงกลยุทธ์', 'Netmarble และ Netmarble Monster ผู้พัฒนาเกมชื่อดังได้ปล่อยตัวอย่างแรกของ MONGIL: STAR DIVE เกม RPG แอ็กชั่นภาคต่อของเกม RPG ชื่อดังอย่าง Monster Taming ออกมาให้ชมกันแล้ว โดยมีเปิดให้เล่นทั่วโลกบนคอนโซล, PC, iOS และ Android ในช่วงครึ่งหลังของปี 2025', 'MONGIL: STAR DIVE สร้างสรรค์ด้วย Unreal Engine 5 พาผู้เล่นผจญภัยไปกับ Verna และ Cloud สองตัวละครหลัก พร้อมด้วย Yaongi เพื่อนคู่ใจที่ใช้ความสามารถพิเศษในการจับและฝึกสัตว์ประหลาด สร้างทีมต่อสู้ 3 ตัว และเข้าร่วมการต่อสู้แบบแท็กทีมเชิงกลยุทธ์ฟีเจอร์หลัก', 'MSD.jpg', 'MSD.jpg', 'MSD2.jpg', 'Mobile'),
(13, 'Star Savior', 'Star Savior เป็นเกม RPG แธีมฟนตาซีที่เกิดขึ้นในองค์กรสังเกตการณ์เนบิวลา\n                (Nebula Observatory Organization - NOA) ในเกมนี้ คุณจะรับบทเป็น Savior\n                และออกเดินทางเพื่อสืบทอดพลังแห่งดวงดาวและช่วยโลกที่กำลังเสื่อมสลาย\n                ตัวเกมนำเสนอเรื่องราวที่น่าดึงดูดใจด้วยกราฟิก 3D สไตล์อนิเมะที่สวยงาม\n                พร้อมด้วยตัวละครที่มีเสน่ห์หลากหลาย นอกจากนี้ ยังมีระบบฝึกฝนที่คุณสามารถโต้ตอบ\n                กับตัวละครและเตรียมพร้อมสำหรับการต่อสู้ครั้งต่อไป', 'นับตั้งแต่ ‘Star Savior’ ได้เปิดเผยชื่ออย่างเป็นทางการสู่สาธารณชนครั้งแรกในวันที่ 29 พ.ย. ที่ผ่านมา Studio Byside ก็ได้รับการตอบรับที่ดีจากผู้เล่นด้วยการปล่อยภาพ Key Visual และระบบฝึกฝนที่มาพร้อมกับตัวละครและฉากหลังของเกมที่น่าดึงดูดใจ', 'ผู้เกี่ยวข้องของ Studio Byside กล่าวว่า “ขณะนี้ Star Savior กำลังอยู่ในขั้นตอนสุดท้ายของการพัฒนาและมีเป้าหมายที่จะเปิดให้เล่นภายในปีนี้” และยังกล่าวเสริมว่า “เราจะอัปเดตข้อมูลใหม่เกี่ยวกับเกมผ่านช่องทาง SNS อย่างเป็นทางการของเราอย่างต่อเนื่อง ยังไงก็ช่วยติดตามกันด้วยนะครับ', 'StarSavior.jpg', 'StarSavior.jpg', 'StarSavior-1.jpg', 'Mobile'),
(14, 'Game of Thrones: Kingsroad', 'Game of Thrones: Kingsroad เกม RPG แอ็กชันผจญภัย ผู้เล่นจะได้สัมผัสเรื่องราวใหม่โดยสวมบทบาท\n                เป็นตัวละครใหม่ ผู้ที่กลายเป็นทายาทของตระกูลไทเรด้วยโชคชะตาอันแปลกประหลาด ซึ่งเป็นตระกูลชนชั้นสูงเล็ก ๆ ทางตอนเหนือ  นอกเหนือจากการปรับแต่งตัวละครด้วยผู้สร้างตัวละครที่แข็งแกร่งแล้ว ผู้เล่นยังจะสามารถเลือกคลาสได้จากหนึ่งในสามคลาส ได้แก่ ทหารรับจ้าง, อัศวิน, หรือ นักฆ่า เมื่อผู้เล่นก้าวเข้าสู่โลกแห่งเวสเทอรอส', 'Netmarble และ Warner Bros. Interactive Entertainment ประกาศในวันนี้ว่า Game of Thrones: Kingsroad เกม RPG แอ็กชันผจญภัย มีกำหนดเปิดตัวในปี 2025  เหล่าเกมเมอร์นับล้านคนได้รับชมเกมเป็นครั้งแรกด้วยตัวอย่างที่ฉายรอบปฐมทัศน์ในช่วงงาน The Game Awards  เกม Game of Thrones: Kingsroad กำลังอยู่ในระหว่างการพัฒนาสำหรับอุปกรณ์มือถือ พร้อมพิจารณาสำหรับแพลตฟอร์มอื่น ๆ', 'สร้างขึ้นจาก A Song of Ice and Fire ซีรีส์หนังสือนิยายชื่อดังของคุณ จอร์จ อาร์. อาร์. มาร์ติน  Game of Thrones ซีรีส์ HBO ที่คว้ารางวัล Emmy® Award ติดตามกษัตริย์และราชินี, อัศวินและคนทรยศ, คนหลอกลวงและขุนนาง ที่มีส่วนร่วมในเกมแห่งการชิงไวชิงพริบสุดอันตรายเพื่อควบคุมอาณาจักรทั้งเจ็ดแห่งเวสเทอรอส เรื่องราวมหากาพย์ซีรีส์สุดยิ่งใหญ่แสดงถึงความทรยศและขุนนาง ครอบครัวและเกียรติยศ ความทะเยอทะยานและความรัก ตลอดจนความตายและการอยู่รอด ซึ่งได้ตราตรึงจินตนาการของแฟน ๆ ทั่วโลก และกลายเป็นหนึ่งในรายการโทรทัศน์ที่ได้รับความนิยมมากที่สุด', 'got.jpg', 'got.jpg', 'got2.png', 'Mobile'),
(15, '1', '1', '1', '1', '1.webp', '1.webp', '1.webp', 'PC'),
(16, 'Dynasty Warriors Origins', 'มุมมองการเล่นที่แตกต่างของไป ถือว่าเป็นอีกหนึ่งเกมที่แฟน ๆ ซีรีส์ Dynasty Warriors ไม่ควรพลาดด้วยประการทั้งปวง', 'ดื่มด่ำไปกับการต่อสู้อันน่าตื่นเต้นในฐานะฮีโร่นิรนามในสามก๊กแอ็คชั่นที่น่าตื่นเต้นที่สุดในประวัติศาสตร์ของซีรีส์สนามรบที่เต็มไปด้วยความตึงเครียด ซึ่งคุณปะทะกับกองทัพขนาดใหญ่ที่ทอดยาวไปไกลสุดลูกหูลูกตา คุณจะรับมือกับการโจมตีของศัตรูได้อย่างไร? ความกล้าหาญทางทหารของคุณจะเป็นประโยชน์ต่อคุณในการต่อสู้ควบคู่กับพันธมิตรในการต่อสู้ทางยุทธวิธีที่ไม่เหมือนใครในแฟรนไชส์ ​​\"DYNASTY WARRIORS\" และสัมผัสประสบการณ์แอ็คชั่นที่น่าตื่นเต้นที่สุดในประวัติศาสตร์ของซีรีส์นี้', 'เวอร์ชันใหม่ของสามก๊กจากมุมมองของตัวเอกดั้งเดิมเรื่องราวของสามก๊กมีเรื่องราวเกิดขึ้นบนแผ่นดินใหญ่อันกว้างใหญ่ของจีน ที่ซึ่งความเชื่อมั่นของฮีโร่ต่าง ๆ มาบรรจบกัน สัมผัสโลกอันงดงามและน่าหลงใหลนี้ผ่านสายตาของตัวเอกดั้งเดิม \"ฮีโร่นิรนาม\"', 'DWO1.jpg', 'DW01.jpg', 'DWO2.jpg', 'Console'),
(17, 'Astro Bot', 'ยานแม่ PS5® พังย่อยยับ ทำให้ ASTRO และบ็อตลูกเรือทั้งหลายต้องกระจัดกระจายไปทั่วกาแล็กซี ถึงเวลาขับ Dual Speeder \n              คู่ใจสำรวจดาวเคราะห์กว่า 50 ดวงที่เต็มไปด้วยความสนุกสนาน อันตราย และเรื่องน่าประหลาดใจ ใช้พลังใหม่ของ ASTRO ให้เป็นประโยชน์ขณะเดินทาง \n              และพบเจอกับฮีโร่ชื่อดังมากมายจากจักรวาล PlayStation อีกครั้ง!', 'ASTRO BOT คือตัวการ์ตูนในเครื่อง PlayStation ที่เริ่มมีบทบาทในหลายๆ รุ่น แต่ชัดสุดจะเป็น PS5 เพราะในเวอร์ชั่นของในเครื่องรุ่นนี้มีการติดตั้ง เวอร์ชั่นฟรีอย่าง ASTRO BOT Game Play แต่ล่าสุดนี้ Sony Interactive ได้เปิดตัวภาคใหม่ที่มีชื่อว่า ASTRO BOT กับความสำเร็จกว่า 30 ปีของ Playstion รอบนี้เรามารีวิวกันว่าเกมนี้เป็นอย่างไร', 'สำหรับเกมนี้จะเป็นการพาน้อง Astro Bot ไปในที่ค่างๆ โดยตะลุยด่านทั้ง หาดทราย ป่าเขียวขจี หรือภูเขาไฟร้อนระอุ สำรวจดาวเคราะห์ที่น่าจดจำมากมายเพื่อตามหาลูกเรือที่หายไปของ Astro! ซึ่งการควบคุมนั้นไม่ยากเพราะว่ามีคำแนะนำ และรวมถึงการใช้งานกับ คอนโทรลเลอร์ไร้สาย DualSense เรียกว่าใช้งานแทบทุกส่วน', 'astro.webp', 'astro.webp', 'astrobot2.webp', 'Console'),
(18, 'Ninjala', 'Ninjala อีกหนึ่งเกมฟรีแนวแอ็กชั่นบนแพลตฟอร์ม Nintendo Switch \n              อันโด่งดังที่มียอดดาวน์โหลดกว่า 8 ล้านครั้งทั่วโลก ล่าสุดได้มีการประกาศทำเป็นฉบับอนิเมะแล้ว! \n              ซึ่งครั้งนี้ยังมีการเผยภาพคีย์วิชวลหลักพร้อมกับเพลงประกอบออกมาด้วย \n              โดยกำหนดการฉายตอนแรกจะเป็นวันที่ 8 มกราคม 2022 ที่กำลังจะถึงนี้', 'Ninjala เดิมเป็นเกมแนวแอ็กชั่นต่อสู้บนแพลตฟอร์ม Nintendo Switch โดยจะเกี่ยวข้องกับเหล่าลูกหลานนินจาที่ใช้พลัง Shinobi ในการต่อสู้พร้อมกับอาวุธอย่าง “Bubble Gum” ที่สามารถแปลงสภาพเป็นอาวุธได้หลากหลายสไตล์ ซึ่งฉบับอนิเมะจะมีการโฟกัสไปที่ตัวละคร Burton กับ Berecca รวมถึงเหล่านินจาคนอื่น ๆ อย่าง Ronm, Jane, Van, Lucy, Kappei, Emma และ Gumchi', 'รายชื่อตัวละครหลักของ Ninjala Burton (CV. Sakurai Takahiro) Berecca (CV. Kito Akari) แพลตฟอร์ม : Switch ', 'Nl1.jpg', 'Nl1.jpg', 'Nl2.jpg', 'Console'),
(19, 'Donkey Kong Country Returns HD', 'Donkey Kong Country Returns HD คือเกมแนวแพลตฟอร์มสุดคลาสสิกที่ถูกนำมาปรับปรุงใหม่ในรูปแบบ HD โดย Retro Studios \n              และเผยแพร่โดย Nintendo ตัวเกมเป็นการรีเมคจากเวอร์ชัน Wii ที่เปิดตัวครั้งแรกในปี 2010 และได้รับการปรับปรุงกราฟิกให้สวยงามขึ้น \n              พร้อมระบบควบคุมที่ลื่นไหลกว่าเดิม เกมนี้กลับมาพร้อมกับความสนุกในแบบฉบับ Donkey Kong ที่แฟน ๆ จะต้องหลงรัก และยังเหมาะสำหรับ\n              ผู้เล่นใหม่ที่อยากสัมผัสความคลาสสิกของเกมแพลตฟอร์มในยุคใหม่', 'Donkey Kong Country Returns HD คือเกมแนวแพลตฟอร์มสุดคลาสสิกที่ถูกนำมาปรับปรุงใหม่ในรูปแบบ HD โดย Retro Studios และเผยแพร่โดย Nintendo ตัวเกมเป็นการรีเมคจากเวอร์ชัน Wii ที่เปิดตัวครั้งแรกในปี 2010 และได้รับการปรับปรุงกราฟิกให้สวยงามขึ้น พร้อมระบบควบคุมที่ลื่นไหลกว่าเดิม เกมนี้กลับมาพร้อมกับความสนุกในแบบฉบับ Donkey Kong ที่แฟน ๆ จะต้องหลงรัก และยังเหมาะสำหรับผู้เล่นใหม่ที่อยากสัมผัสความคลาสสิกของเกมแพลตฟอร์มในยุคใหม่', 'รับบทเป็น DK และ Diddy Kong ต้องออกผจญภัยทวงคืนกล้วยที่หายไปโดยฝีมือของพวก Tiki Tak Tribe ให้ได้ โดยเกมนี้เป็นการนำเวอร์ชัน Wii มาพอร์ตลง Switch แล้วปรับปรุงภาพกราฟิกให้สวยงามไม่ตกยุค นอกจากนี้ ตัวเกมได้เพิ่มด่านเสริมที่มีให้เล่นเฉพาะเวอร์ชัน 3DS และรองรับการเล่น CO-OP 2 คนแบบ Local อีกด้วย หรือบอกได้ว่าเป็นเกมครบแพ็กเกจอย่างแท้จริง', 'Dk1.jpg', 'Dk1.jpg', 'Dk2.jpg', 'Console'),
(20, 'Sniper Elite: Resistance', 'Sniper Elite: Resistance เกมแนวแอ็คชั่นสุดมันส์ในมุมมองบุคคลที่สามเชิงกลยุทธ์ที่ในภาคนี้จะอยู่ในช่วงเดียวกันกับภาค 5 \n              ผู้เล่นจะได้รับบทเป็นตัวเอกอย่าง Harry Hawker เจ้าหน้าที่หน่วยปฏิบัติการพิเศษ (SOE) ตัวเกมในภาคนี้ยังนำเสนอจุดเด่นหลักอย่างกล\n              ไกการซุ่มยิง ลอบเร้น มาพร้อมโหมดผู้เล่นหลายคนและโหมด Co-op และ Invasion ภายในเกมผู้เล่นสามารถปรับแต่งอาวุธให้เหมาะสมกับรูปแบบ\n              ในการปฏิบัติการหรือภารกิจที่ได้รับมอบหมาย ไม่ว่าจะเป็นปืนไรเฟิล ปืนลูกซอง และปืนพก อย่าลืมเลือกกระสุนให้เหมาะสมกับงาน เช่น กระสุนเจาะเกราะหรือ\n              กระสุนสังหาร เป็นต้น เตรียมพบกับปฏิบัติการใหม่ ภัยคุกคามใหม่และแคมเปญมหากาพย์ใหม่ ใครที่เป็นแฟนซีรีส์ Sniper Elite ต้องไม่พลาดเด็ดขาด', 'Sniper Elite: Resistance เกมแนวแอ็คชั่นสุดมันส์ในมุมมองบุคคลที่สามเชิงกลยุทธ์ที่ในภาคนี้จะอยู่ในช่วงเดียวกันกับภาค 5 ผู้เล่นจะได้รับบทเป็นตัวเอกอย่าง Harry Hawker เจ้าหน้าที่หน่วยปฏิบัติการพิเศษ (SOE) ตัวเกมในภาคนี้ยังนำเสนอจุดเด่นหลักอย่างกลไกการซุ่มยิง ลอบเร้น มาพร้อมโหมดผู้เล่นหลายคนและโหมด Co-op และ Invasion', 'ภายในเกมผู้เล่นสามารถปรับแต่งอาวุธให้เหมาะสมกับรูปแบบในการปฏิบัติการหรือภารกิจที่ได้รับมอบหมาย ไม่ว่าจะเป็นปืนไรเฟิล ปืนลูกซอง และปืนพก อย่าลืมเลือกกระสุนให้เหมาะสมกับงาน เช่น กระสุนเจาะเกราะหรือกระสุนสังหาร เป็นต้น เตรียมพบกับปฏิบัติการใหม่ ภัยคุกคามใหม่และแคมเปญมหากาพย์ใหม่ ใครที่เป็นแฟนซีรีส์ Sniper Elite ต้องไม่พลาดเด็ดขาด', 'Se1.jpg', 'Se1.jpg', 'Se2.jpg', 'Console'),
(21, 'Wuthering Waves', 'หลังจากที่ก่อนหน้านี้เคยเปิดให้เล่นบน PC และมือถือไปแล้ว ในที่สุด Wuthering Waves เกม Open-World Action RPG เล่นฟรีที่พัฒนาและให้บริการ\n              โดย Kuro Game ก็ได้ฤกษ์เปิดให้เล่นกันบน PS5 เป็นที่เรียบร้อย ผู้เล่นจะได้รับบทบาทเป็น Rover ผู้ที่ตื่นขึ้นมาพบกับสงครามบนโลกใบใหม่ ตัวเกมเสนอ\n              เรื่องราวที่มีความหลากหลาย มีอิสระในการเลือกเล่น มีตะขอเกี่ยวที่ใช้สำหรับปีนขึ้นบนกำแพง และการเดินทางในครั้งนี้จะเต็มไปด้วยการต่อสู้ แก้ปริศนาและพบปะผู้คนมากมาย', 'หลังจากที่ก่อนหน้านี้เคยเปิดให้เล่นบน PC และมือถือไปแล้ว ในที่สุด Wuthering Waves เกม Open-World Action RPG เล่นฟรีที่พัฒนาและให้บริการโดย Kuro Game ก็ได้ฤกษ์เปิดให้เล่นกันบน PS5 เป็นที่เรียบร้อย ผู้เล่นจะได้รับบทบาทเป็น Rover ผู้ที่ตื่นขึ้นมาพบกับสงครามบนโลกใบใหม่ ตัวเกมเสนอเรื่องราวที่มีความหลากหลาย มีอิสระในการเลือกเล่น มีตะขอเกี่ยวที่ใช้สำหรับปีนขึ้นบนกำแพง และการเดินทางในครั้งนี้จะเต็มไปด้วยการต่อสู้ แก้ปริศนาและพบปะผู้คนมากมาย', 'Wuthering Waves นั้นเป็นเกม Open-World Action RPG ที่พัฒนาและให้บริการโดย Kuro Game โดยตัวเกมนั้นจะเป็นเกม Open-World ที่เต็มไปด้วยเรื่องราว และมีอิสระในระดับสูง ซึ่งในเกมนั้นเราจะได้มารับบทบาทเป็น Rover ผู้ตื่นขึ้นมาจากการหลับใหลและได้มาพบกับโลกใบใหม่อันแสนกว้างใหญ่นี้', 'Ww1.jpg', 'Ww1.jpg', 'Ww2.jpg', 'Console');

-- --------------------------------------------------------

--
-- Table structure for table `users`
--

CREATE TABLE `users` (
  `user_id` int(11) NOT NULL,
  `username` varchar(50) NOT NULL,
  `password_hash` varchar(255) NOT NULL,
  `email` varchar(100) NOT NULL,
  `role` enum('User','Admin') DEFAULT 'User',
  `created_at` timestamp NOT NULL DEFAULT current_timestamp()
) ENGINE=InnoDB DEFAULT CHARSET=utf8mb4 COLLATE=utf8mb4_general_ci;

--
-- Dumping data for table `users`
--

INSERT INTO `users` (`user_id`, `username`, `password_hash`, `email`, `role`, `created_at`) VALUES
(1, 'bass1', '$2y$10$x6Q2J8cFppeQzKIY19LoJ.EQQsj7bvSCcJv8L0ivvqHGVLPJ0pcZe', 'bass@gmail.com', 'User', '2025-03-10 10:14:28'),
(2, 'b', '$2y$10$ggTwyZg9rdUOZZqsCeiQ7e9UeXt2yGIqVEdm5MjmXOY32i9POyqFq', '1@gmail.com', 'Admin', '2025-03-10 11:52:28'),
(6, '2', '$2y$10$a7tv1vDSPbB2nDiuNV8ClOh.zQWce..u78xp7mJQ9YCWJwrgvRJRG', '2@gmail.com', 'User', '2025-03-12 14:21:29');

--
-- Indexes for dumped tables
--

--
-- Indexes for table `comment`
--
ALTER TABLE `comment`
  ADD PRIMARY KEY (`comment_id`),
  ADD KEY `user_id` (`user_id`),
  ADD KEY `game_id` (`game_id`);

--
-- Indexes for table `favorite_game`
--
ALTER TABLE `favorite_game`
  ADD PRIMARY KEY (`user_id`,`game_id`),
  ADD KEY `game_id` (`game_id`);

--
-- Indexes for table `game`
--
ALTER TABLE `game`
  ADD PRIMARY KEY (`game_id`);

--
-- Indexes for table `users`
--
ALTER TABLE `users`
  ADD PRIMARY KEY (`user_id`);

--
-- AUTO_INCREMENT for dumped tables
--

--
-- AUTO_INCREMENT for table `comment`
--
ALTER TABLE `comment`
  MODIFY `comment_id` int(11) NOT NULL AUTO_INCREMENT, AUTO_INCREMENT=10;

--
-- AUTO_INCREMENT for table `game`
--
ALTER TABLE `game`
  MODIFY `game_id` int(11) NOT NULL AUTO_INCREMENT, AUTO_INCREMENT=22;

--
-- AUTO_INCREMENT for table `users`
--
ALTER TABLE `users`
  MODIFY `user_id` int(11) NOT NULL AUTO_INCREMENT, AUTO_INCREMENT=7;

--
-- Constraints for dumped tables
--

--
-- Constraints for table `comment`
--
ALTER TABLE `comment`
  ADD CONSTRAINT `comment_ibfk_1` FOREIGN KEY (`user_id`) REFERENCES `users` (`user_id`) ON DELETE CASCADE,
  ADD CONSTRAINT `comment_ibfk_2` FOREIGN KEY (`game_id`) REFERENCES `game` (`game_id`) ON DELETE CASCADE;

--
-- Constraints for table `favorite_game`
--
ALTER TABLE `favorite_game`
  ADD CONSTRAINT `favorite_game_ibfk_1` FOREIGN KEY (`user_id`) REFERENCES `users` (`user_id`) ON DELETE CASCADE,
  ADD CONSTRAINT `favorite_game_ibfk_2` FOREIGN KEY (`game_id`) REFERENCES `game` (`game_id`) ON DELETE CASCADE;
COMMIT;

/*!40101 SET CHARACTER_SET_CLIENT=@OLD_CHARACTER_SET_CLIENT */;
/*!40101 SET CHARACTER_SET_RESULTS=@OLD_CHARACTER_SET_RESULTS */;
/*!40101 SET COLLATION_CONNECTION=@OLD_COLLATION_CONNECTION */;
